word,similarity
something,[0.85936703]
nothing,[0.85064354]
enough,[0.84685725]
better,[0.84682098]
come,[0.84556812]
make,[0.84415227]
little,[0.84208166]
time,[0.84161037]
always,[0.83952684]
really,[0.83939845]
