word,similarity
even,[0.91942619]
way,[0.90301804]
well,[0.89736861]
yet,[0.89192326]
much,[0.88854831]
kind,[0.88730049]
though,[0.88138518]
come,[0.87145344]
time,[0.86284653]
make,[0.86263272]
