word,similarity
even,[0.91617173]
way,[0.90341031]
well,[0.89529181]
kind,[0.89084063]
yet,[0.88683338]
much,[0.88200951]
though,[0.87983422]
fact,[0.87908214]
rather,[0.87435475]
come,[0.87191954]
