word,similarity
rather,[0.88454746]
perhaps,[0.85104117]
come,[0.84942301]
time,[0.84936598]
something,[0.84683176]
make,[0.84207693]
better,[0.83878852]
making,[0.83650699]
always,[0.83650194]
nothing,[0.83574184]
