word,similarity
even,[0.91577811]
well,[0.90797861]
way,[0.90335735]
much,[0.88682187]
yet,[0.8854904]
though,[0.88470972]
kind,[0.87990812]
rather,[0.87713296]
fact,[0.87706641]
one,[0.87335284]
