word,similarity
even,[0.91831989]
way,[0.90015127]
well,[0.89787503]
yet,[0.88532188]
kind,[0.88316299]
much,[0.88252756]
though,[0.88200802]
come,[0.87626891]
fact,[0.87492126]
one,[0.87385658]
