word,similarity
rather,[0.87777617]
time,[0.85689635]
something,[0.84996545]
come,[0.84828645]
nothing,[0.84671296]
making,[0.84053026]
make,[0.84027458]
enough,[0.83425069]
always,[0.83283199]
little,[0.83166223]
