word,similarity
kind,[0.8911834]
fact,[0.88613363]
something,[0.8585396]
perhaps,[0.85145746]
nothing,[0.84862901]
indeed,[0.84603076]
always,[0.84366324]
come,[0.84098893]
better,[0.84010084]
time,[0.8394197]
