word,similarity
even,[0.91527999]
way,[0.8978669]
well,[0.89735214]
yet,[0.89170104]
kind,[0.88811684]
fact,[0.88506944]
though,[0.88180197]
much,[0.88117983]
one,[0.86676499]
come,[0.86488576]
